{"count":1,"self":7.3453143999999995,"total":51.7633217,"children":{"InitializeActuators":{"count":2,"self":0.0030004999999999997,"total":0.0030004999999999997,"children":null},"InitializeSensors":{"count":2,"self":0.0020005,"total":0.0020005,"children":null},"AgentSendState":{"count":14567,"self":0.038538699999999995,"total":0.1869079,"children":{"CollectObservations":{"count":5828,"self":0.044037599999999996,"total":0.044037599999999996,"children":null},"WriteActionMask":{"count":5828,"self":0.0010004999999999999,"total":0.0010004999999999999,"children":null},"RequestDecision":{"count":5828,"self":0.030964699999999998,"total":0.1033311,"children":{"AgentInfo.ToProto":{"count":5828,"self":0.0160146,"total":0.0723664,"children":{"GenerateSensorData":{"count":5828,"self":0.0563518,"total":0.0563518,"children":null}}}}}}},"DecideAction":{"count":14567,"self":44.0460352,"total":44.0460359,"children":null},"AgentAct":{"count":14567,"self":0.17906129999999998,"total":0.17906129999999998,"children":{"AgentInfo.ToProto":{"count":12,"self":0,"total":0,"children":{"GenerateSensorData":{"count":12,"self":0,"total":0,"children":null}}}}}},"gauges":{"FighterAgent.CumulativeReward":{"count":12,"max":-0.0499998331,"min":-1.42999947,"runningAverage":-0.181666479,"value":-0.0499998331,"weightedAverage":-0.114958487}},"metadata":{"timer_format_version":"0.1.0","start_time_seconds":"1716851432","unity_version":"2022.3.27f1","command_line_arguments":"C:\\Program Files\\Unity\\Hub\\Editor\\2022.3.27f1\\Editor\\Unity.exe -projectpath C:\\Users\\joey\\Commodore -useHub -hubIPC -cloudEnvironment production","communication_protocol_version":"1.5.0","com.unity.ml-agents_version":"3.0.0-exp.1","scene_name":"Fighter Test","end_time_seconds":"1716851484"}}